interface_name,model_flow_mw,target_flow_mw,residual_mw,absolute_residual_mw,used_in_optimizer,exact_public_operator,variant_id,scenario_id,electrically_qualified
Dysinger_East,-63.6365548575826,NaN,NaN,NaN,0,0,nominal,S1_2025_SUMMER_PEAK_PUBLIC,1
West_Central,-456.853912507459,NaN,NaN,NaN,0,0,nominal,S1_2025_SUMMER_PEAK_PUBLIC,1
Moses_South,814.158634416936,NaN,NaN,NaN,0,0,nominal,S1_2025_SUMMER_PEAK_PUBLIC,1
Central_East,871.419627527023,NaN,NaN,NaN,0,0,nominal,S1_2025_SUMMER_PEAK_PUBLIC,1
Total_East_proxy,1055.5618907673,NaN,NaN,NaN,0,0,nominal,S1_2025_SUMMER_PEAK_PUBLIC,1
UPNY_ConEd,1759.30394301775,NaN,NaN,NaN,0,0,nominal,S1_2025_SUMMER_PEAK_PUBLIC,1
Dunwoodie_South,1098.26200405517,NaN,NaN,NaN,0,0,nominal,S1_2025_SUMMER_PEAK_PUBLIC,1
Dysinger_East,820.36154387042,NaN,NaN,NaN,0,0,nominal,S2_2025_WINTER_PEAK_PUBLIC,1
West_Central,506.605918544904,NaN,NaN,NaN,0,0,nominal,S2_2025_WINTER_PEAK_PUBLIC,1
Moses_South,123.437922048525,NaN,NaN,NaN,0,0,nominal,S2_2025_WINTER_PEAK_PUBLIC,1
Central_East,942.767908105484,NaN,NaN,NaN,0,0,nominal,S2_2025_WINTER_PEAK_PUBLIC,1
Total_East_proxy,1364.0773645299,NaN,NaN,NaN,0,0,nominal,S2_2025_WINTER_PEAK_PUBLIC,1
UPNY_ConEd,1691.84034337366,NaN,NaN,NaN,0,0,nominal,S2_2025_WINTER_PEAK_PUBLIC,1
Dunwoodie_South,1157.71162940019,NaN,NaN,NaN,0,0,nominal,S2_2025_WINTER_PEAK_PUBLIC,1
Dysinger_East,298.497466912644,NaN,NaN,NaN,0,0,nominal,S3_2025_SHOULDER_LIGHT_LOAD_EXACT,1
West_Central,335.015728877894,NaN,NaN,NaN,0,0,nominal,S3_2025_SHOULDER_LIGHT_LOAD_EXACT,1
Moses_South,-6.28695851368009,NaN,NaN,NaN,0,0,nominal,S3_2025_SHOULDER_LIGHT_LOAD_EXACT,1
Central_East,892.339399032259,NaN,NaN,NaN,0,0,nominal,S3_2025_SHOULDER_LIGHT_LOAD_EXACT,1
Total_East_proxy,1214.1932000884,NaN,NaN,NaN,0,0,nominal,S3_2025_SHOULDER_LIGHT_LOAD_EXACT,1
UPNY_ConEd,1558.74318708758,NaN,NaN,NaN,0,0,nominal,S3_2025_SHOULDER_LIGHT_LOAD_EXACT,1
Dunwoodie_South,1271.45139472431,NaN,NaN,NaN,0,0,nominal,S3_2025_SHOULDER_LIGHT_LOAD_EXACT,1
Dysinger_East,-141.284792231562,NaN,NaN,NaN,0,0,nominal,S4_2025_HIGH_NYC_LI_LOAD_PUBLIC,1
West_Central,-505.10160461989,NaN,NaN,NaN,0,0,nominal,S4_2025_HIGH_NYC_LI_LOAD_PUBLIC,1
Moses_South,820.279089855291,NaN,NaN,NaN,0,0,nominal,S4_2025_HIGH_NYC_LI_LOAD_PUBLIC,1
Central_East,894.41015804075,NaN,NaN,NaN,0,0,nominal,S4_2025_HIGH_NYC_LI_LOAD_PUBLIC,1
Total_East_proxy,1081.63277125126,NaN,NaN,NaN,0,0,nominal,S4_2025_HIGH_NYC_LI_LOAD_PUBLIC,1
UPNY_ConEd,1899.95292133196,NaN,NaN,NaN,0,0,nominal,S4_2025_HIGH_NYC_LI_LOAD_PUBLIC,1
Dunwoodie_South,1177.15996491056,NaN,NaN,NaN,0,0,nominal,S4_2025_HIGH_NYC_LI_LOAD_PUBLIC,1
Dysinger_East,-277.026037386002,NaN,NaN,NaN,0,0,nominal,S6_2025_LOW_TOTAL_EAST_PUBLIC,1
West_Central,-648.988830837913,NaN,NaN,NaN,0,0,nominal,S6_2025_LOW_TOTAL_EAST_PUBLIC,1
Moses_South,-52.1528825905382,NaN,NaN,NaN,0,0,nominal,S6_2025_LOW_TOTAL_EAST_PUBLIC,1
Central_East,-160.794246214453,NaN,NaN,NaN,0,0,nominal,S6_2025_LOW_TOTAL_EAST_PUBLIC,1
Total_East_proxy,-165.160053177948,NaN,NaN,NaN,0,0,nominal,S6_2025_LOW_TOTAL_EAST_PUBLIC,1
UPNY_ConEd,995.276682600246,NaN,NaN,NaN,0,0,nominal,S6_2025_LOW_TOTAL_EAST_PUBLIC,1
Dunwoodie_South,665.0734759439,NaN,NaN,NaN,0,0,nominal,S6_2025_LOW_TOTAL_EAST_PUBLIC,1
Dysinger_East,501.78415477555,NaN,NaN,NaN,0,0,nominal,V1_2025_JAN15_EVENING,1
West_Central,229.317979384964,NaN,NaN,NaN,0,0,nominal,V1_2025_JAN15_EVENING,1
Moses_South,654.392215563047,NaN,NaN,NaN,0,0,nominal,V1_2025_JAN15_EVENING,1
Central_East,1204.80188554016,NaN,NaN,NaN,0,0,nominal,V1_2025_JAN15_EVENING,1
Total_East_proxy,1609.85646835899,NaN,NaN,NaN,0,0,nominal,V1_2025_JAN15_EVENING,1
UPNY_ConEd,1475.15351002545,NaN,NaN,NaN,0,0,nominal,V1_2025_JAN15_EVENING,1
Dunwoodie_South,991.157879988142,NaN,NaN,NaN,0,0,nominal,V1_2025_JAN15_EVENING,1
Dysinger_East,276.82255563282,NaN,NaN,NaN,0,0,nominal,V2_2025_APR15_MIDDAY,1
West_Central,196.710119189655,NaN,NaN,NaN,0,0,nominal,V2_2025_APR15_MIDDAY,1
Moses_South,69.7203862432139,NaN,NaN,NaN,0,0,nominal,V2_2025_APR15_MIDDAY,1
Central_East,1010.81418983208,NaN,NaN,NaN,0,0,nominal,V2_2025_APR15_MIDDAY,1
Total_East_proxy,1346.72996808482,NaN,NaN,NaN,0,0,nominal,V2_2025_APR15_MIDDAY,1
UPNY_ConEd,1498.82316415611,NaN,NaN,NaN,0,0,nominal,V2_2025_APR15_MIDDAY,1
Dunwoodie_South,1134.03200089499,NaN,NaN,NaN,0,0,nominal,V2_2025_APR15_MIDDAY,1
Dysinger_East,-107.355686006434,NaN,NaN,NaN,0,0,nominal,V3_2025_JUL15_EVENING,1
West_Central,-477.886536103103,NaN,NaN,NaN,0,0,nominal,V3_2025_JUL15_EVENING,1
Moses_South,394.032132362659,NaN,NaN,NaN,0,0,nominal,V3_2025_JUL15_EVENING,1
Central_East,360.720409323536,NaN,NaN,NaN,0,0,nominal,V3_2025_JUL15_EVENING,1
Total_East_proxy,540.888165579539,NaN,NaN,NaN,0,0,nominal,V3_2025_JUL15_EVENING,1
UPNY_ConEd,1228.75914800043,NaN,NaN,NaN,0,0,nominal,V3_2025_JUL15_EVENING,1
Dunwoodie_South,753.177974749241,NaN,NaN,NaN,0,0,nominal,V3_2025_JUL15_EVENING,1
Dysinger_East,212.927827650321,NaN,NaN,NaN,0,0,nominal,V4_2025_JUL25_NIGHT,1
West_Central,-40.6309939784028,NaN,NaN,NaN,0,0,nominal,V4_2025_JUL25_NIGHT,1
Moses_South,-164.286070263136,NaN,NaN,NaN,0,0,nominal,V4_2025_JUL25_NIGHT,1
Central_East,199.357466892957,NaN,NaN,NaN,0,0,nominal,V4_2025_JUL25_NIGHT,1
Total_East_proxy,429.107723237432,NaN,NaN,NaN,0,0,nominal,V4_2025_JUL25_NIGHT,1
UPNY_ConEd,1005.55244751678,NaN,NaN,NaN,0,0,nominal,V4_2025_JUL25_NIGHT,1
Dunwoodie_South,731.048468428325,NaN,NaN,NaN,0,0,nominal,V4_2025_JUL25_NIGHT,1
Dysinger_East,-64.3815530718767,NaN,NaN,NaN,0,0,impedance_075,S1_2025_SUMMER_PEAK_PUBLIC,1
West_Central,-457.69172629116,NaN,NaN,NaN,0,0,impedance_075,S1_2025_SUMMER_PEAK_PUBLIC,1
Moses_South,817.666600717351,NaN,NaN,NaN,0,0,impedance_075,S1_2025_SUMMER_PEAK_PUBLIC,1
Central_East,881.977467585826,NaN,NaN,NaN,0,0,impedance_075,S1_2025_SUMMER_PEAK_PUBLIC,1
Total_East_proxy,1066.31125326716,NaN,NaN,NaN,0,0,impedance_075,S1_2025_SUMMER_PEAK_PUBLIC,1
UPNY_ConEd,1766.7903834037,NaN,NaN,NaN,0,0,impedance_075,S1_2025_SUMMER_PEAK_PUBLIC,1
Dunwoodie_South,1104.1663750801,NaN,NaN,NaN,0,0,impedance_075,S1_2025_SUMMER_PEAK_PUBLIC,1
Dysinger_East,-62.8703860715623,NaN,NaN,NaN,0,0,impedance_125,S1_2025_SUMMER_PEAK_PUBLIC,1
West_Central,-455.98668618918,NaN,NaN,NaN,0,0,impedance_125,S1_2025_SUMMER_PEAK_PUBLIC,1
Moses_South,810.377288491592,NaN,NaN,NaN,0,0,impedance_125,S1_2025_SUMMER_PEAK_PUBLIC,1
Central_East,860.215504882905,NaN,NaN,NaN,0,0,impedance_125,S1_2025_SUMMER_PEAK_PUBLIC,1
Total_East_proxy,1044.36403961925,NaN,NaN,NaN,0,0,impedance_125,S1_2025_SUMMER_PEAK_PUBLIC,1
UPNY_ConEd,1751.52908573424,NaN,NaN,NaN,0,0,impedance_125,S1_2025_SUMMER_PEAK_PUBLIC,1
Dunwoodie_South,1092.13425349624,NaN,NaN,NaN,0,0,impedance_125,S1_2025_SUMMER_PEAK_PUBLIC,1
Dysinger_East,-63.5517083492805,NaN,NaN,NaN,0,0,charging_000,S1_2025_SUMMER_PEAK_PUBLIC,1
West_Central,-456.757599245841,NaN,NaN,NaN,0,0,charging_000,S1_2025_SUMMER_PEAK_PUBLIC,1
Moses_South,813.877350783575,NaN,NaN,NaN,0,0,charging_000,S1_2025_SUMMER_PEAK_PUBLIC,1
Central_East,869.525920743475,NaN,NaN,NaN,0,0,charging_000,S1_2025_SUMMER_PEAK_PUBLIC,1
Total_East_proxy,1054.1358059802,NaN,NaN,NaN,0,0,charging_000,S1_2025_SUMMER_PEAK_PUBLIC,1
UPNY_ConEd,1758.31880766805,NaN,NaN,NaN,0,0,charging_000,S1_2025_SUMMER_PEAK_PUBLIC,1
Dunwoodie_South,1097.5259765922,NaN,NaN,NaN,0,0,charging_000,S1_2025_SUMMER_PEAK_PUBLIC,1
Dysinger_East,-63.6414364203205,NaN,NaN,NaN,0,0,charging_150,S1_2025_SUMMER_PEAK_PUBLIC,1
West_Central,-456.855926221125,NaN,NaN,NaN,0,0,charging_150,S1_2025_SUMMER_PEAK_PUBLIC,1
Moses_South,814.074487736914,NaN,NaN,NaN,0,0,charging_150,S1_2025_SUMMER_PEAK_PUBLIC,1
Central_East,871.500228279688,NaN,NaN,NaN,0,0,charging_150,S1_2025_SUMMER_PEAK_PUBLIC,1
Total_East_proxy,1055.60540744325,NaN,NaN,NaN,0,0,charging_150,S1_2025_SUMMER_PEAK_PUBLIC,1
UPNY_ConEd,1759.32198115846,NaN,NaN,NaN,0,0,charging_150,S1_2025_SUMMER_PEAK_PUBLIC,1
Dunwoodie_South,1098.27879076331,NaN,NaN,NaN,0,0,charging_150,S1_2025_SUMMER_PEAK_PUBLIC,1
Dysinger_East,-61.1912041619937,NaN,NaN,NaN,0,0,rating_080,S1_2025_SUMMER_PEAK_PUBLIC,1
West_Central,-454.439041566031,NaN,NaN,NaN,0,0,rating_080,S1_2025_SUMMER_PEAK_PUBLIC,1
Moses_South,795.602067370678,NaN,NaN,NaN,0,0,rating_080,S1_2025_SUMMER_PEAK_PUBLIC,1
Central_East,839.104725461061,NaN,NaN,NaN,0,0,rating_080,S1_2025_SUMMER_PEAK_PUBLIC,1
Total_East_proxy,1027.09289423269,NaN,NaN,NaN,0,0,rating_080,S1_2025_SUMMER_PEAK_PUBLIC,1
UPNY_ConEd,1732.13879171885,NaN,NaN,NaN,0,0,rating_080,S1_2025_SUMMER_PEAK_PUBLIC,1
Dunwoodie_South,1075.03193537715,NaN,NaN,NaN,0,0,rating_080,S1_2025_SUMMER_PEAK_PUBLIC,1
Dysinger_East,-63.6365587349973,NaN,NaN,NaN,0,0,rating_120,S1_2025_SUMMER_PEAK_PUBLIC,1
West_Central,-456.853915469733,NaN,NaN,NaN,0,0,rating_120,S1_2025_SUMMER_PEAK_PUBLIC,1
Moses_South,814.158633548975,NaN,NaN,NaN,0,0,rating_120,S1_2025_SUMMER_PEAK_PUBLIC,1
Central_East,871.419644986483,NaN,NaN,NaN,0,0,rating_120,S1_2025_SUMMER_PEAK_PUBLIC,1
Total_East_proxy,1055.56188068996,NaN,NaN,NaN,0,0,rating_120,S1_2025_SUMMER_PEAK_PUBLIC,1
UPNY_ConEd,1759.3039445172,NaN,NaN,NaN,0,0,rating_120,S1_2025_SUMMER_PEAK_PUBLIC,1
Dunwoodie_South,1098.26200282508,NaN,NaN,NaN,0,0,rating_120,S1_2025_SUMMER_PEAK_PUBLIC,1
