point_id,source_flow_value,actual_positive_limit_mw,actual_negative_limit_mw,source_csv_line,source_field,unit_interpretation,source_limit_is_equipment_rating,public_interface_name,actual_import_mw,target_import_mw,actual_q_mvar,target_q_mvar,target_positive_limit_mw,target_negative_limit_mw,actual_limit_mw,target_limit_mw,directional_limit_is_placeholder,scenario_id,timestamp,timestamp_utc,vintage,dataset_split,campaign_role,scale_factor_gamma,source_id,scale_policy,scale_reference_scenario_id,scale_reference_source_id,target_use,provenance_class,direction_positive,quantity_scope,coverage_role,default_primary_scope,include_in_unreviewed_total,overlap_resolved,default_channel_include,accounting_policy,accounting_evidence_url,external_region
23324,1450,1450,-715,3965,Flow (MWH),published_interface_power_as_MW_raw_MWH_header_preserved_no_energy_conversion,0,SCH - HQ - NY,1450,515.850057154045,NaN,NaN,515.850057154045,-254.36744197596,1450,515.850057154045,0,S1_2025_SUMMER_PEAK_PUBLIC,2025-07-29 18:00,2025-07-29T22:00:00Z,2025,training,2025_target,0.355758660106238,NYISO:P32:20250729,fixed_year_peak,S1_2025_SUMMER_PEAK_PUBLIC,NYISO:P58C:20250729,operating_input,source_verified_public_record,into_NY_per_published_interface_orientation,P32_SCH_labelled_interface_flow_not_terminal_PQ,primary_interregional_interface,1,0,1,1,include_gross_Chateauguay_interface_with_wheel_throughs,https://www.nyiso.com/documents/20142/1409680/Seams_Closed.pdf/e523b0d3-907c-e7a6-fe27-628875cfafad,HQ
325274,125,125,-40,3966,Flow (MWH),published_interface_power_as_MW_raw_MWH_header_preserved_no_energy_conversion,0,SCH - HQ_CEDARS,125,44.4698325132797,NaN,NaN,44.4698325132797,-14.2303464042495,125,44.4698325132797,0,S1_2025_SUMMER_PEAK_PUBLIC,2025-07-29 18:00,2025-07-29T22:00:00Z,2025,training,2025_target,0.355758660106238,NYISO:P32:20250729,fixed_year_peak,S1_2025_SUMMER_PEAK_PUBLIC,NYISO:P58C:20250729,operating_input,source_verified_public_record,into_NY_per_published_interface_orientation,P32_SCH_labelled_interface_flow_not_terminal_PQ,additional_Cedars_interface,0,0,1,1,include_separate_Cedars_interface,https://eta-publications.lbl.gov/sites/default/files/assessment-of-historic-transmission-schedules-and-flows-2014.pdf,UNALLOCATED_COMPONENT
325376,1157,1310,-9999,3967,Flow (MWH),published_interface_power_as_MW_raw_MWH_header_preserved_no_energy_conversion,0,SCH - HQ_IMPORT_EXPORT,1157,411.612769742917,NaN,NaN,466.043844739171,-3557.23084240227,1310,466.043844739171,0,S1_2025_SUMMER_PEAK_PUBLIC,2025-07-29 18:00,2025-07-29T22:00:00Z,2025,training,2025_target,0.355758660106238,NYISO:P32:20250729,fixed_year_peak,S1_2025_SUMMER_PEAK_PUBLIC,NYISO:P58C:20250729,operating_input,source_verified_public_record,into_NY_per_published_interface_orientation,P32_SCH_labelled_interface_flow_not_terminal_PQ,excluded_nonadditive_HQ_net_market_report,0,0,0,0,exclude_nested_HQ_import_export_reporting_scope_never_sum_with_HQ_NY,https://www.nyiso.com/documents/20142/1409680/Seams_Closed.pdf/e523b0d3-907c-e7a6-fe27-628875cfafad,UNALLOCATED_COMPONENT
23318,-587.36,1400,-1600,3968,Flow (MWH),published_interface_power_as_MW_raw_MWH_header_preserved_no_energy_conversion,0,SCH - NE - NY,-587.36,-208.9584066,NaN,NaN,498.062124148733,-569.21385616998,1600,569.21385616998,0,S1_2025_SUMMER_PEAK_PUBLIC,2025-07-29 18:00,2025-07-29T22:00:00Z,2025,training,2025_target,0.355758660106238,NYISO:P32:20250729,fixed_year_peak,S1_2025_SUMMER_PEAK_PUBLIC,NYISO:P58C:20250729,operating_input,source_verified_public_record,into_NY_per_published_interface_orientation,P32_SCH_labelled_interface_flow_not_terminal_PQ,primary_interregional_interface,1,0,1,1,include_distinct_additional_or_primary_P32_channel,https://www.nyiso.com/documents/20142/2926255/2010Report_NYISO_2011-08-02_NMB.pdf/b532cb34-64b9-86e7-f794-25870de8d717,ISONE
325277,-90,125,-125,3969,Flow (MWH),published_interface_power_as_MW_raw_MWH_header_preserved_no_energy_conversion,0,SCH - NPX_1385,-90,-32.0182794095614,NaN,NaN,44.4698325132797,-44.4698325132797,125,44.4698325132797,0,S1_2025_SUMMER_PEAK_PUBLIC,2025-07-29 18:00,2025-07-29T22:00:00Z,2025,training,2025_target,0.355758660106238,NYISO:P32:20250729,fixed_year_peak,S1_2025_SUMMER_PEAK_PUBLIC,NYISO:P58C:20250729,operating_input,source_verified_public_record,into_NY_per_published_interface_orientation,P32_SCH_labelled_interface_flow_not_terminal_PQ,additional_controllable_interface,0,0,1,1,include_distinct_additional_or_primary_P32_channel,https://www.nyiso.com/documents/20142/2926255/2010Report_NYISO_2011-08-02_NMB.pdf/b532cb34-64b9-86e7-f794-25870de8d717,UNALLOCATED_COMPONENT
325154,315,330,-330,3970,Flow (MWH),published_interface_power_as_MW_raw_MWH_header_preserved_no_energy_conversion,0,SCH - NPX_CSC,315,112.063977933465,NaN,NaN,117.400357835058,-117.400357835058,330,117.400357835058,0,S1_2025_SUMMER_PEAK_PUBLIC,2025-07-29 18:00,2025-07-29T22:00:00Z,2025,training,2025_target,0.355758660106238,NYISO:P32:20250729,fixed_year_peak,S1_2025_SUMMER_PEAK_PUBLIC,NYISO:P58C:20250729,operating_input,source_verified_public_record,into_NY_per_published_interface_orientation,P32_SCH_labelled_interface_flow_not_terminal_PQ,additional_controllable_interface,0,0,1,1,include_distinct_additional_or_primary_P32_channel,https://www.nyiso.com/documents/20142/2926255/2010Report_NYISO_2011-08-02_NMB.pdf/b532cb34-64b9-86e7-f794-25870de8d717,UNALLOCATED_COMPONENT
23317,-386.04,2000,-1600,3971,Flow (MWH),published_interface_power_as_MW_raw_MWH_header_preserved_no_energy_conversion,0,SCH - OH - NY,-386.04,-137.337073147412,NaN,NaN,711.517320212475,-569.21385616998,1600,569.21385616998,0,S1_2025_SUMMER_PEAK_PUBLIC,2025-07-29 18:00,2025-07-29T22:00:00Z,2025,training,2025_target,0.355758660106238,NYISO:P32:20250729,fixed_year_peak,S1_2025_SUMMER_PEAK_PUBLIC,NYISO:P58C:20250729,operating_input,source_verified_public_record,into_NY_per_published_interface_orientation,P32_SCH_labelled_interface_flow_not_terminal_PQ,primary_interregional_interface,1,0,1,1,include_distinct_additional_or_primary_P32_channel,https://www.nyiso.com/documents/20142/2926255/2010Report_NYISO_2011-08-02_NMB.pdf/b532cb34-64b9-86e7-f794-25870de8d717,ONTARIO
23316,-215.78,2000,-1050,3972,Flow (MWH),published_interface_power_as_MW_raw_MWH_header_preserved_no_energy_conversion,0,SCH - PJ - NY,-215.78,-76.765603677724,NaN,NaN,711.517320212475,-373.54659311155,1050,373.54659311155,0,S1_2025_SUMMER_PEAK_PUBLIC,2025-07-29 18:00,2025-07-29T22:00:00Z,2025,training,2025_target,0.355758660106238,NYISO:P32:20250729,fixed_year_peak,S1_2025_SUMMER_PEAK_PUBLIC,NYISO:P58C:20250729,operating_input,source_verified_public_record,into_NY_per_published_interface_orientation,P32_SCH_labelled_interface_flow_not_terminal_PQ,primary_interregional_interface,1,0,1,1,include_distinct_additional_or_primary_P32_channel,https://www.nyiso.com/documents/20142/2926255/2010Report_NYISO_2011-08-02_NMB.pdf/b532cb34-64b9-86e7-f794-25870de8d717,PJM
325905,0,660,-660,3973,Flow (MWH),published_interface_power_as_MW_raw_MWH_header_preserved_no_energy_conversion,0,SCH - PJM_HTP,0,0,NaN,NaN,234.800715670117,-234.800715670117,660,234.800715670117,0,S1_2025_SUMMER_PEAK_PUBLIC,2025-07-29 18:00,2025-07-29T22:00:00Z,2025,training,2025_target,0.355758660106238,NYISO:P32:20250729,fixed_year_peak,S1_2025_SUMMER_PEAK_PUBLIC,NYISO:P58C:20250729,operating_input,source_verified_public_record,into_NY_per_published_interface_orientation,P32_SCH_labelled_interface_flow_not_terminal_PQ,additional_controllable_interface,0,0,1,1,include_distinct_additional_or_primary_P32_channel,https://www.nyiso.com/documents/20142/1407325/Constraint%20Reliability%20Margin%20CRM.pdf/b9de3cb5-855a-ca32-b66e-86c6933c88ef,UNALLOCATED_COMPONENT
325305,660,660,-660,3974,Flow (MWH),published_interface_power_as_MW_raw_MWH_header_preserved_no_energy_conversion,0,SCH - PJM_NEPTUNE,660,234.800715670117,NaN,NaN,234.800715670117,-234.800715670117,660,234.800715670117,0,S1_2025_SUMMER_PEAK_PUBLIC,2025-07-29 18:00,2025-07-29T22:00:00Z,2025,training,2025_target,0.355758660106238,NYISO:P32:20250729,fixed_year_peak,S1_2025_SUMMER_PEAK_PUBLIC,NYISO:P58C:20250729,operating_input,source_verified_public_record,into_NY_per_published_interface_orientation,P32_SCH_labelled_interface_flow_not_terminal_PQ,additional_controllable_interface,0,0,1,1,include_distinct_additional_or_primary_P32_channel,https://www.nyiso.com/documents/20142/2926255/2010Report_NYISO_2011-08-02_NMB.pdf/b532cb34-64b9-86e7-f794-25870de8d717,UNALLOCATED_COMPONENT
325658,315,315,-315,3975,Flow (MWH),published_interface_power_as_MW_raw_MWH_header_preserved_no_energy_conversion,0,SCH - PJM_VFT,315,112.063977933465,NaN,NaN,112.063977933465,-112.063977933465,315,112.063977933465,0,S1_2025_SUMMER_PEAK_PUBLIC,2025-07-29 18:00,2025-07-29T22:00:00Z,2025,training,2025_target,0.355758660106238,NYISO:P32:20250729,fixed_year_peak,S1_2025_SUMMER_PEAK_PUBLIC,NYISO:P58C:20250729,operating_input,source_verified_public_record,into_NY_per_published_interface_orientation,P32_SCH_labelled_interface_flow_not_terminal_PQ,additional_controllable_interface,0,0,1,1,include_distinct_additional_or_primary_P32_channel,https://www.nyiso.com/documents/20142/2926255/2010Report_NYISO_2011-08-02_NMB.pdf/b532cb34-64b9-86e7-f794-25870de8d717,UNALLOCATED_COMPONENT
