scenario_id,variant_id,allocation_mode,tie_mode,violation_type,element_index,from_or_bus_id,from_or_bus_name,from_or_bus_zone,to_bus_id,to_bus_name,to_bus_zone,value,limit,violation_amount,units
S1_2025_SUMMER_PEAK_PUBLIC,S4_GSK__current,s4,current,BRANCH_OVERLOAD,80,66,WATERCURE,C,134,HOMER CITY,,979.906940529314,773.970762,205.936178529314,MVA
S1_2025_SUMMER_PEAK_PUBLIC,S4_GSK__current,s4,current,BRANCH_OVERLOAD,116,90,VIDA,,114,MARYSVILLE,,226.71453848256,176.592906,50.1216324825597,MVA
S1_2025_SUMMER_PEAK_PUBLIC,S4_GSK__current,s4,current,BRANCH_OVERLOAD,190,128,WHITPAIN,,130,PEACH BOTTOM,,1105.35103762267,773.970762,331.380275622671,MVA
S1_2025_SUMMER_PEAK_PUBLIC,S4_GSK__perform_rx,s4,perform_rx,BRANCH_OVERLOAD,80,66,WATERCURE,C,134,HOMER CITY,,1016.63711598523,773.970762,242.666353985234,MVA
S1_2025_SUMMER_PEAK_PUBLIC,S4_GSK__perform_rx,s4,perform_rx,BRANCH_OVERLOAD,116,90,VIDA,,114,MARYSVILLE,,228.866363430669,176.592906,52.2734574306688,MVA
S1_2025_SUMMER_PEAK_PUBLIC,S4_GSK__perform_rx,s4,perform_rx,BRANCH_OVERLOAD,190,128,WHITPAIN,,130,PEACH BOTTOM,,1076.3124132233,773.970762,302.341651223299,MVA
S1_2025_SUMMER_PEAK_PUBLIC,S4_GSK__perform_rxb,s4,perform_rxb,BRANCH_OVERLOAD,80,66,WATERCURE,C,134,HOMER CITY,,1017.51325391706,773.970762,243.542491917058,MVA
S1_2025_SUMMER_PEAK_PUBLIC,S4_GSK__perform_rxb,s4,perform_rxb,BRANCH_OVERLOAD,116,90,VIDA,,114,MARYSVILLE,,228.904643869315,176.592906,52.311737869315,MVA
S1_2025_SUMMER_PEAK_PUBLIC,S4_GSK__perform_rxb,s4,perform_rxb,BRANCH_OVERLOAD,190,128,WHITPAIN,,130,PEACH BOTTOM,,1075.41607500993,773.970762,301.445313009931,MVA
S1_2025_SUMMER_PEAK_PUBLIC,PERFORM_GSK__current,perform,current,BRANCH_OVERLOAD,80,66,WATERCURE,C,134,HOMER CITY,,958.299695188632,773.970762,184.328933188632,MVA
S1_2025_SUMMER_PEAK_PUBLIC,PERFORM_GSK__current,perform,current,BRANCH_OVERLOAD,116,90,VIDA,,114,MARYSVILLE,,226.419293118212,176.592906,49.826387118212,MVA
S1_2025_SUMMER_PEAK_PUBLIC,PERFORM_GSK__current,perform,current,BRANCH_OVERLOAD,190,128,WHITPAIN,,130,PEACH BOTTOM,,1124.17463793561,773.970762,350.203875935611,MVA
S1_2025_SUMMER_PEAK_PUBLIC,PERFORM_GSK__perform_rx,perform,perform_rx,BRANCH_OVERLOAD,80,66,WATERCURE,C,134,HOMER CITY,,998.396257953113,773.970762,224.425495953113,MVA
S1_2025_SUMMER_PEAK_PUBLIC,PERFORM_GSK__perform_rx,perform,perform_rx,BRANCH_OVERLOAD,116,90,VIDA,,114,MARYSVILLE,,228.763187333711,176.592906,52.1702813337109,MVA
S1_2025_SUMMER_PEAK_PUBLIC,PERFORM_GSK__perform_rx,perform,perform_rx,BRANCH_OVERLOAD,190,128,WHITPAIN,,130,PEACH BOTTOM,,1091.47043505026,773.970762,317.499673050256,MVA
S1_2025_SUMMER_PEAK_PUBLIC,PERFORM_GSK__perform_rxb,perform,perform_rxb,BRANCH_OVERLOAD,80,66,WATERCURE,C,134,HOMER CITY,,999.321966013896,773.970762,225.351204013896,MVA
S1_2025_SUMMER_PEAK_PUBLIC,PERFORM_GSK__perform_rxb,perform,perform_rxb,BRANCH_OVERLOAD,116,90,VIDA,,114,MARYSVILLE,,228.802530765673,176.592906,52.2096247656734,MVA
S1_2025_SUMMER_PEAK_PUBLIC,PERFORM_GSK__perform_rxb,perform,perform_rxb,BRANCH_OVERLOAD,190,128,WHITPAIN,,130,PEACH BOTTOM,,1090.50478031326,773.970762,316.534018313263,MVA
S1_2025_SUMMER_PEAK_PUBLIC,PERFORM_CAP_GSK__current,perform_cap,current,BRANCH_OVERLOAD,80,66,WATERCURE,C,134,HOMER CITY,,1034.15725219401,773.970762,260.186490194012,MVA
S1_2025_SUMMER_PEAK_PUBLIC,PERFORM_CAP_GSK__current,perform_cap,current,BRANCH_OVERLOAD,116,90,VIDA,,114,MARYSVILLE,,219.068265253471,176.592906,42.4753592534714,MVA
S1_2025_SUMMER_PEAK_PUBLIC,PERFORM_CAP_GSK__current,perform_cap,current,BRANCH_OVERLOAD,190,128,WHITPAIN,,130,PEACH BOTTOM,,1104.7066267249,773.970762,330.735864724901,MVA
S1_2025_SUMMER_PEAK_PUBLIC,PERFORM_CAP_GSK__perform_rx,perform_cap,perform_rx,BRANCH_OVERLOAD,80,66,WATERCURE,C,134,HOMER CITY,,1075.63523761438,773.970762,301.664475614383,MVA
S1_2025_SUMMER_PEAK_PUBLIC,PERFORM_CAP_GSK__perform_rx,perform_cap,perform_rx,BRANCH_OVERLOAD,116,90,VIDA,,114,MARYSVILLE,,221.464930276308,176.592906,44.8720242763076,MVA
S1_2025_SUMMER_PEAK_PUBLIC,PERFORM_CAP_GSK__perform_rx,perform_cap,perform_rx,BRANCH_OVERLOAD,190,128,WHITPAIN,,130,PEACH BOTTOM,,1070.05935288668,773.970762,296.088590886682,MVA
S1_2025_SUMMER_PEAK_PUBLIC,PERFORM_CAP_GSK__perform_rxb,perform_cap,perform_rxb,BRANCH_OVERLOAD,80,66,WATERCURE,C,134,HOMER CITY,,1076.56433535709,773.970762,302.593573357085,MVA
S1_2025_SUMMER_PEAK_PUBLIC,PERFORM_CAP_GSK__perform_rxb,perform_cap,perform_rxb,BRANCH_OVERLOAD,116,90,VIDA,,114,MARYSVILLE,,221.510447828139,176.592906,44.9175418281387,MVA
S1_2025_SUMMER_PEAK_PUBLIC,PERFORM_CAP_GSK__perform_rxb,perform_cap,perform_rxb,BRANCH_OVERLOAD,190,128,WHITPAIN,,130,PEACH BOTTOM,,1069.06651842275,773.970762,295.09575642275,MVA
S2_2025_WINTER_PEAK_PUBLIC,S4_GSK__current,s4,current,LOW_VOLTAGE,128,128,WHITPAIN,,NaN,,,0.885560091666173,0.9,0.0144399083338274,pu
S2_2025_WINTER_PEAK_PUBLIC,S4_GSK__current,s4,current,LOW_VOLTAGE,129,129,KEENEY,,NaN,,,0.899654641098151,0.9,0.000345358901848725,pu
S2_2025_WINTER_PEAK_PUBLIC,S4_GSK__current,s4,current,BRANCH_OVERLOAD,80,66,WATERCURE,C,134,HOMER CITY,,1496.64191743267,773.970762,722.671155432672,MVA
S2_2025_WINTER_PEAK_PUBLIC,S4_GSK__current,s4,current,BRANCH_OVERLOAD,116,90,VIDA,,114,MARYSVILLE,,260.488752800979,176.592906,83.895846800979,MVA
S2_2025_WINTER_PEAK_PUBLIC,S4_GSK__current,s4,current,BRANCH_OVERLOAD,190,128,WHITPAIN,,130,PEACH BOTTOM,,1695.15988132609,773.970762,921.189119326086,MVA
S2_2025_WINTER_PEAK_PUBLIC,S4_GSK__current,s4,current,GEN_P_LIMIT,43,130,PEACH BOTTOM,,NaN,,,2750.75987768735,2487.70936,263.050517687354,MW
S2_2025_WINTER_PEAK_PUBLIC,S4_GSK__perform_rx,s4,perform_rx,LOW_VOLTAGE,128,128,WHITPAIN,,NaN,,,0.888773484110674,0.9,0.0112265158893264,pu
S2_2025_WINTER_PEAK_PUBLIC,S4_GSK__perform_rx,s4,perform_rx,LOW_VOLTAGE,129,129,KEENEY,,NaN,,,0.899943719843885,0.9,5.62801561145854e-05,pu
S2_2025_WINTER_PEAK_PUBLIC,S4_GSK__perform_rx,s4,perform_rx,BRANCH_OVERLOAD,80,66,WATERCURE,C,134,HOMER CITY,,1521.85374666599,773.970762,747.882984665991,MVA
S2_2025_WINTER_PEAK_PUBLIC,S4_GSK__perform_rx,s4,perform_rx,BRANCH_OVERLOAD,116,90,VIDA,,114,MARYSVILLE,,261.958191163322,176.592906,85.3652851633223,MVA
S2_2025_WINTER_PEAK_PUBLIC,S4_GSK__perform_rx,s4,perform_rx,BRANCH_OVERLOAD,190,128,WHITPAIN,,130,PEACH BOTTOM,,1671.6341261561,773.970762,897.663364156104,MVA
S2_2025_WINTER_PEAK_PUBLIC,S4_GSK__perform_rx,s4,perform_rx,GEN_P_LIMIT,43,130,PEACH BOTTOM,,NaN,,,2744.57073700946,2487.70936,256.861377009456,MW
S2_2025_WINTER_PEAK_PUBLIC,S4_GSK__perform_rxb,s4,perform_rxb,LOW_VOLTAGE,128,128,WHITPAIN,,NaN,,,0.889132082963447,0.9,0.0108679170365533,pu
S2_2025_WINTER_PEAK_PUBLIC,S4_GSK__perform_rxb,s4,perform_rxb,LOW_VOLTAGE,129,129,KEENEY,,NaN,,,0.899970276794755,0.9,2.97232052446361e-05,pu
S2_2025_WINTER_PEAK_PUBLIC,S4_GSK__perform_rxb,s4,perform_rxb,BRANCH_OVERLOAD,80,66,WATERCURE,C,134,HOMER CITY,,1522.34859018717,773.970762,748.377828187167,MVA
S2_2025_WINTER_PEAK_PUBLIC,S4_GSK__perform_rxb,s4,perform_rxb,BRANCH_OVERLOAD,116,90,VIDA,,114,MARYSVILLE,,261.961614592127,176.592906,85.3687085921267,MVA
S2_2025_WINTER_PEAK_PUBLIC,S4_GSK__perform_rxb,s4,perform_rxb,BRANCH_OVERLOAD,190,128,WHITPAIN,,130,PEACH BOTTOM,,1670.30636047386,773.970762,896.335598473858,MVA
S2_2025_WINTER_PEAK_PUBLIC,S4_GSK__perform_rxb,s4,perform_rxb,GEN_P_LIMIT,43,130,PEACH BOTTOM,,NaN,,,2743.5730308809,2487.70936,255.863670880899,MW
S2_2025_WINTER_PEAK_PUBLIC,PERFORM_GSK__current,perform,current,LOW_VOLTAGE,124,124,BRANCHBURG,,NaN,,,0.898046685486562,0.9,0.00195331451343761,pu
S2_2025_WINTER_PEAK_PUBLIC,PERFORM_GSK__current,perform,current,LOW_VOLTAGE,126,126,HUDSON,,NaN,,,0.899810746013993,0.9,0.000189253986006666,pu
S2_2025_WINTER_PEAK_PUBLIC,PERFORM_GSK__current,perform,current,LOW_VOLTAGE,127,127,ALBURTIS,,NaN,,,0.897793063275813,0.9,0.00220693672418659,pu
S2_2025_WINTER_PEAK_PUBLIC,PERFORM_GSK__current,perform,current,LOW_VOLTAGE,128,128,WHITPAIN,,NaN,,,0.882932756411437,0.9,0.0170672435885635,pu
S2_2025_WINTER_PEAK_PUBLIC,PERFORM_GSK__current,perform,current,LOW_VOLTAGE,129,129,KEENEY,,NaN,,,0.899426622865273,0.9,0.000573377134727271,pu
S2_2025_WINTER_PEAK_PUBLIC,PERFORM_GSK__current,perform,current,BRANCH_OVERLOAD,80,66,WATERCURE,C,134,HOMER CITY,,1484.49218692186,773.970762,710.521424921859,MVA
S2_2025_WINTER_PEAK_PUBLIC,PERFORM_GSK__current,perform,current,BRANCH_OVERLOAD,116,90,VIDA,,114,MARYSVILLE,,260.834427607714,176.592906,84.2415216077144,MVA
S2_2025_WINTER_PEAK_PUBLIC,PERFORM_GSK__current,perform,current,BRANCH_OVERLOAD,190,128,WHITPAIN,,130,PEACH BOTTOM,,1712.43441608688,773.970762,938.463654086881,MVA
S2_2025_WINTER_PEAK_PUBLIC,PERFORM_GSK__current,perform,current,GEN_P_LIMIT,43,130,PEACH BOTTOM,,NaN,,,2767.23806661229,2487.70936,279.528706612292,MW
S2_2025_WINTER_PEAK_PUBLIC,PERFORM_GSK__perform_rx,perform,perform_rx,LOW_VOLTAGE,128,128,WHITPAIN,,NaN,,,0.886601151230758,0.9,0.0133988487692424,pu
S2_2025_WINTER_PEAK_PUBLIC,PERFORM_GSK__perform_rx,perform,perform_rx,LOW_VOLTAGE,129,129,KEENEY,,NaN,,,0.899755835389836,0.9,0.00024416461016441,pu
S2_2025_WINTER_PEAK_PUBLIC,PERFORM_GSK__perform_rx,perform,perform_rx,BRANCH_OVERLOAD,80,66,WATERCURE,C,134,HOMER CITY,,1511.89242842538,773.970762,737.921666425377,MVA
S2_2025_WINTER_PEAK_PUBLIC,PERFORM_GSK__perform_rx,perform,perform_rx,BRANCH_OVERLOAD,116,90,VIDA,,114,MARYSVILLE,,262.420024551841,176.592906,85.827118551841,MVA
S2_2025_WINTER_PEAK_PUBLIC,PERFORM_GSK__perform_rx,perform,perform_rx,BRANCH_OVERLOAD,190,128,WHITPAIN,,130,PEACH BOTTOM,,1685.84150911546,773.970762,911.870747115458,MVA
S2_2025_WINTER_PEAK_PUBLIC,PERFORM_GSK__perform_rx,perform,perform_rx,GEN_P_LIMIT,43,130,PEACH BOTTOM,,NaN,,,2759.60417568011,2487.70936,271.894815680105,MW
S2_2025_WINTER_PEAK_PUBLIC,PERFORM_GSK__perform_rxb,perform,perform_rxb,LOW_VOLTAGE,128,128,WHITPAIN,,NaN,,,0.886970343936062,0.9,0.013029656063938,pu
S2_2025_WINTER_PEAK_PUBLIC,PERFORM_GSK__perform_rxb,perform,perform_rxb,LOW_VOLTAGE,129,129,KEENEY,,NaN,,,0.899783306493752,0.9,0.000216693506247756,pu
S2_2025_WINTER_PEAK_PUBLIC,PERFORM_GSK__perform_rxb,perform,perform_rxb,BRANCH_OVERLOAD,80,66,WATERCURE,C,134,HOMER CITY,,1512.40320065459,773.970762,738.432438654588,MVA
S2_2025_WINTER_PEAK_PUBLIC,PERFORM_GSK__perform_rxb,perform,perform_rxb,BRANCH_OVERLOAD,116,90,VIDA,,114,MARYSVILLE,,262.422668312378,176.592906,85.8297623123779,MVA
S2_2025_WINTER_PEAK_PUBLIC,PERFORM_GSK__perform_rxb,perform,perform_rxb,BRANCH_OVERLOAD,190,128,WHITPAIN,,130,PEACH BOTTOM,,1684.44268298112,773.970762,910.471920981122,MVA
S2_2025_WINTER_PEAK_PUBLIC,PERFORM_GSK__perform_rxb,perform,perform_rxb,GEN_P_LIMIT,43,130,PEACH BOTTOM,,NaN,,,2758.54640332661,2487.70936,270.837043326612,MW
S2_2025_WINTER_PEAK_PUBLIC,PERFORM_CAP_GSK__current,perform_cap,current,LOW_VOLTAGE,128,128,WHITPAIN,,NaN,,,0.888238961245224,0.9,0.0117610387547762,pu
S2_2025_WINTER_PEAK_PUBLIC,PERFORM_CAP_GSK__current,perform_cap,current,LOW_VOLTAGE,129,129,KEENEY,,NaN,,,0.899918631913277,0.9,8.13680867229882e-05,pu
S2_2025_WINTER_PEAK_PUBLIC,PERFORM_CAP_GSK__current,perform_cap,current,BRANCH_OVERLOAD,80,66,WATERCURE,C,134,HOMER CITY,,1550.24521051232,773.970762,776.27444851232,MVA
S2_2025_WINTER_PEAK_PUBLIC,PERFORM_CAP_GSK__current,perform_cap,current,BRANCH_OVERLOAD,116,90,VIDA,,114,MARYSVILLE,,252.564012956075,176.592906,75.9711069560748,MVA
S2_2025_WINTER_PEAK_PUBLIC,PERFORM_CAP_GSK__current,perform_cap,current,BRANCH_OVERLOAD,190,128,WHITPAIN,,130,PEACH BOTTOM,,1670.30016155079,773.970762,896.329399550786,MVA
S2_2025_WINTER_PEAK_PUBLIC,PERFORM_CAP_GSK__current,perform_cap,current,GEN_P_LIMIT,43,130,PEACH BOTTOM,,NaN,,,2723.17281997069,2487.70936,235.463459970695,MW
S2_2025_WINTER_PEAK_PUBLIC,PERFORM_CAP_GSK__perform_rx,perform_cap,perform_rx,LOW_VOLTAGE,128,128,WHITPAIN,,NaN,,,0.891939090475757,0.9,0.00806090952424343,pu
S2_2025_WINTER_PEAK_PUBLIC,PERFORM_CAP_GSK__perform_rx,perform_cap,perform_rx,BRANCH_OVERLOAD,80,66,WATERCURE,C,134,HOMER CITY,,1579.38841239927,773.970762,805.41765039927,MVA
S2_2025_WINTER_PEAK_PUBLIC,PERFORM_CAP_GSK__perform_rx,perform_cap,perform_rx,BRANCH_OVERLOAD,116,90,VIDA,,114,MARYSVILLE,,254.215653419779,176.592906,77.6227474197789,MVA
S2_2025_WINTER_PEAK_PUBLIC,PERFORM_CAP_GSK__perform_rx,perform_cap,perform_rx,BRANCH_OVERLOAD,190,128,WHITPAIN,,130,PEACH BOTTOM,,1642.36553903455,773.970762,868.394777034553,MVA
S2_2025_WINTER_PEAK_PUBLIC,PERFORM_CAP_GSK__perform_rx,perform_cap,perform_rx,GEN_P_LIMIT,43,130,PEACH BOTTOM,,NaN,,,2713.82164633782,2487.70936,226.112286337821,MW
S2_2025_WINTER_PEAK_PUBLIC,PERFORM_CAP_GSK__perform_rxb,perform_cap,perform_rxb,LOW_VOLTAGE,128,128,WHITPAIN,,NaN,,,0.892287184453012,0.9,0.00771281554698755,pu
S2_2025_WINTER_PEAK_PUBLIC,PERFORM_CAP_GSK__perform_rxb,perform_cap,perform_rxb,BRANCH_OVERLOAD,80,66,WATERCURE,C,134,HOMER CITY,,1579.84430280362,773.970762,805.873540803622,MVA
S2_2025_WINTER_PEAK_PUBLIC,PERFORM_CAP_GSK__perform_rxb,perform_cap,perform_rxb,BRANCH_OVERLOAD,116,90,VIDA,,114,MARYSVILLE,,254.229521077579,176.592906,77.6366150775794,MVA
S2_2025_WINTER_PEAK_PUBLIC,PERFORM_CAP_GSK__perform_rxb,perform_cap,perform_rxb,BRANCH_OVERLOAD,190,128,WHITPAIN,,130,PEACH BOTTOM,,1641.05175475584,773.970762,867.080992755843,MVA
S2_2025_WINTER_PEAK_PUBLIC,PERFORM_CAP_GSK__perform_rxb,perform_cap,perform_rxb,GEN_P_LIMIT,43,130,PEACH BOTTOM,,NaN,,,2712.80899225388,2487.70936,225.099632253879,MW
S3_2025_SHOULDER_LIGHT_LOAD_PUBLIC,S4_GSK__current,s4,current,BRANCH_OVERLOAD,80,66,WATERCURE,C,134,HOMER CITY,,1061.16812294729,773.970762,287.197360947294,MVA
S3_2025_SHOULDER_LIGHT_LOAD_PUBLIC,S4_GSK__current,s4,current,BRANCH_OVERLOAD,116,90,VIDA,,114,MARYSVILLE,,240.075036050462,176.592906,63.482130050462,MVA
S3_2025_SHOULDER_LIGHT_LOAD_PUBLIC,S4_GSK__current,s4,current,BRANCH_OVERLOAD,190,128,WHITPAIN,,130,PEACH BOTTOM,,1193.19426332909,773.970762,419.223501329087,MVA
S3_2025_SHOULDER_LIGHT_LOAD_PUBLIC,S4_GSK__perform_rx,s4,perform_rx,BRANCH_OVERLOAD,80,66,WATERCURE,C,134,HOMER CITY,,1098.95566046449,773.970762,324.984898464487,MVA
S3_2025_SHOULDER_LIGHT_LOAD_PUBLIC,S4_GSK__perform_rx,s4,perform_rx,BRANCH_OVERLOAD,116,90,VIDA,,114,MARYSVILLE,,242.28070583378,176.592906,65.6877998337802,MVA
S3_2025_SHOULDER_LIGHT_LOAD_PUBLIC,S4_GSK__perform_rx,s4,perform_rx,BRANCH_OVERLOAD,190,128,WHITPAIN,,130,PEACH BOTTOM,,1162.68330870429,773.970762,388.71254670429,MVA
S3_2025_SHOULDER_LIGHT_LOAD_PUBLIC,S4_GSK__perform_rxb,s4,perform_rxb,BRANCH_OVERLOAD,80,66,WATERCURE,C,134,HOMER CITY,,1099.79959919384,773.970762,325.828837193844,MVA
S3_2025_SHOULDER_LIGHT_LOAD_PUBLIC,S4_GSK__perform_rxb,s4,perform_rxb,BRANCH_OVERLOAD,116,90,VIDA,,114,MARYSVILLE,,242.315208948153,176.592906,65.7223029481526,MVA
S3_2025_SHOULDER_LIGHT_LOAD_PUBLIC,S4_GSK__perform_rxb,s4,perform_rxb,BRANCH_OVERLOAD,190,128,WHITPAIN,,130,PEACH BOTTOM,,1161.84496528678,773.970762,387.874203286779,MVA
S3_2025_SHOULDER_LIGHT_LOAD_PUBLIC,PERFORM_GSK__current,perform,current,BRANCH_OVERLOAD,80,66,WATERCURE,C,134,HOMER CITY,,1040.81590601558,773.970762,266.845144015575,MVA
S3_2025_SHOULDER_LIGHT_LOAD_PUBLIC,PERFORM_GSK__current,perform,current,BRANCH_OVERLOAD,116,90,VIDA,,114,MARYSVILLE,,239.77101855291,176.592906,63.1781125529103,MVA
S3_2025_SHOULDER_LIGHT_LOAD_PUBLIC,PERFORM_GSK__current,perform,current,BRANCH_OVERLOAD,190,128,WHITPAIN,,130,PEACH BOTTOM,,1209.41337825072,773.970762,435.442616250725,MVA
S3_2025_SHOULDER_LIGHT_LOAD_PUBLIC,PERFORM_GSK__perform_rx,perform,perform_rx,BRANCH_OVERLOAD,80,66,WATERCURE,C,134,HOMER CITY,,1081.63416179303,773.970762,307.663399793031,MVA
S3_2025_SHOULDER_LIGHT_LOAD_PUBLIC,PERFORM_GSK__perform_rx,perform,perform_rx,BRANCH_OVERLOAD,116,90,VIDA,,114,MARYSVILLE,,242.148618658803,176.592906,65.5557126588027,MVA
S3_2025_SHOULDER_LIGHT_LOAD_PUBLIC,PERFORM_GSK__perform_rx,perform,perform_rx,BRANCH_OVERLOAD,190,128,WHITPAIN,,130,PEACH BOTTOM,,1175.49111157078,773.970762,401.520349570781,MVA
S3_2025_SHOULDER_LIGHT_LOAD_PUBLIC,PERFORM_GSK__perform_rxb,perform,perform_rxb,BRANCH_OVERLOAD,80,66,WATERCURE,C,134,HOMER CITY,,1082.52325593722,773.970762,308.552493937221,MVA
S3_2025_SHOULDER_LIGHT_LOAD_PUBLIC,PERFORM_GSK__perform_rxb,perform,perform_rxb,BRANCH_OVERLOAD,116,90,VIDA,,114,MARYSVILLE,,242.184044329073,176.592906,65.5911383290729,MVA
S3_2025_SHOULDER_LIGHT_LOAD_PUBLIC,PERFORM_GSK__perform_rxb,perform,perform_rxb,BRANCH_OVERLOAD,190,128,WHITPAIN,,130,PEACH BOTTOM,,1174.58601237401,773.970762,400.61525037401,MVA
S3_2025_SHOULDER_LIGHT_LOAD_PUBLIC,PERFORM_CAP_GSK__current,perform_cap,current,BRANCH_OVERLOAD,80,66,WATERCURE,C,134,HOMER CITY,,1115.51402674495,773.970762,341.543264744953,MVA
S3_2025_SHOULDER_LIGHT_LOAD_PUBLIC,PERFORM_CAP_GSK__current,perform_cap,current,BRANCH_OVERLOAD,116,90,VIDA,,114,MARYSVILLE,,232.469830066527,176.592906,55.8769240665266,MVA
S3_2025_SHOULDER_LIGHT_LOAD_PUBLIC,PERFORM_CAP_GSK__current,perform_cap,current,BRANCH_OVERLOAD,190,128,WHITPAIN,,130,PEACH BOTTOM,,1185.80059024937,773.970762,411.829828249365,MVA
S3_2025_SHOULDER_LIGHT_LOAD_PUBLIC,PERFORM_CAP_GSK__perform_rx,perform_cap,perform_rx,BRANCH_OVERLOAD,80,66,WATERCURE,C,134,HOMER CITY,,1157.70779089806,773.970762,383.737028898055,MVA
S3_2025_SHOULDER_LIGHT_LOAD_PUBLIC,PERFORM_CAP_GSK__perform_rx,perform_cap,perform_rx,BRANCH_OVERLOAD,116,90,VIDA,,114,MARYSVILLE,,234.896553548208,176.592906,58.3036475482078,MVA
S3_2025_SHOULDER_LIGHT_LOAD_PUBLIC,PERFORM_CAP_GSK__perform_rx,perform_cap,perform_rx,BRANCH_OVERLOAD,190,128,WHITPAIN,,130,PEACH BOTTOM,,1149.94144255094,773.970762,375.970680550937,MVA
S3_2025_SHOULDER_LIGHT_LOAD_PUBLIC,PERFORM_CAP_GSK__perform_rxb,perform_cap,perform_rxb,BRANCH_OVERLOAD,80,66,WATERCURE,C,134,HOMER CITY,,1158.60351340453,773.970762,384.632751404528,MVA
S3_2025_SHOULDER_LIGHT_LOAD_PUBLIC,PERFORM_CAP_GSK__perform_rxb,perform_cap,perform_rxb,BRANCH_OVERLOAD,116,90,VIDA,,114,MARYSVILLE,,234.938229527439,176.592906,58.3453235274391,MVA
S3_2025_SHOULDER_LIGHT_LOAD_PUBLIC,PERFORM_CAP_GSK__perform_rxb,perform_cap,perform_rxb,BRANCH_OVERLOAD,190,128,WHITPAIN,,130,PEACH BOTTOM,,1149.01392507379,773.970762,375.043163073786,MVA
S4_2025_HIGH_NYC_LI_LOAD_PUBLIC,S4_GSK__current,s4,current,BRANCH_OVERLOAD,80,66,WATERCURE,C,134,HOMER CITY,,930.278278457428,773.970762,156.307516457428,MVA
S4_2025_HIGH_NYC_LI_LOAD_PUBLIC,S4_GSK__current,s4,current,BRANCH_OVERLOAD,116,90,VIDA,,114,MARYSVILLE,,223.462658363881,176.592906,46.8697523638814,MVA
S4_2025_HIGH_NYC_LI_LOAD_PUBLIC,S4_GSK__current,s4,current,BRANCH_OVERLOAD,190,128,WHITPAIN,,130,PEACH BOTTOM,,1054.48599800571,773.970762,280.515236005707,MVA
S4_2025_HIGH_NYC_LI_LOAD_PUBLIC,S4_GSK__perform_rx,s4,perform_rx,BRANCH_OVERLOAD,80,66,WATERCURE,C,134,HOMER CITY,,968.225597030796,773.970762,194.254835030796,MVA
S4_2025_HIGH_NYC_LI_LOAD_PUBLIC,S4_GSK__perform_rx,s4,perform_rx,BRANCH_OVERLOAD,116,90,VIDA,,114,MARYSVILLE,,225.690336457891,176.592906,49.0974304578911,MVA
S4_2025_HIGH_NYC_LI_LOAD_PUBLIC,S4_GSK__perform_rx,s4,perform_rx,BRANCH_OVERLOAD,190,128,WHITPAIN,,130,PEACH BOTTOM,,1024.12278042951,773.970762,250.152018429509,MVA
S4_2025_HIGH_NYC_LI_LOAD_PUBLIC,S4_GSK__perform_rxb,s4,perform_rxb,BRANCH_OVERLOAD,80,66,WATERCURE,C,134,HOMER CITY,,969.140483952559,773.970762,195.169721952559,MVA
S4_2025_HIGH_NYC_LI_LOAD_PUBLIC,S4_GSK__perform_rxb,s4,perform_rxb,BRANCH_OVERLOAD,116,90,VIDA,,114,MARYSVILLE,,225.731159911725,176.592906,49.1382539117254,MVA
S4_2025_HIGH_NYC_LI_LOAD_PUBLIC,S4_GSK__perform_rxb,s4,perform_rxb,BRANCH_OVERLOAD,190,128,WHITPAIN,,130,PEACH BOTTOM,,1023.20473179323,773.970762,249.233969793228,MVA
S4_2025_HIGH_NYC_LI_LOAD_PUBLIC,PERFORM_GSK__current,perform,current,BRANCH_OVERLOAD,80,66,WATERCURE,C,134,HOMER CITY,,907.339511683482,773.970762,133.368749683482,MVA
S4_2025_HIGH_NYC_LI_LOAD_PUBLIC,PERFORM_GSK__current,perform,current,BRANCH_OVERLOAD,116,90,VIDA,,114,MARYSVILLE,,223.030023042022,176.592906,46.4371170420225,MVA
S4_2025_HIGH_NYC_LI_LOAD_PUBLIC,PERFORM_GSK__current,perform,current,BRANCH_OVERLOAD,190,128,WHITPAIN,,130,PEACH BOTTOM,,1074.32266250483,773.970762,300.351900504829,MVA
S4_2025_HIGH_NYC_LI_LOAD_PUBLIC,PERFORM_GSK__perform_rx,perform,perform_rx,BRANCH_OVERLOAD,80,66,WATERCURE,C,134,HOMER CITY,,948.851281475447,773.970762,174.880519475447,MVA
S4_2025_HIGH_NYC_LI_LOAD_PUBLIC,PERFORM_GSK__perform_rx,perform,perform_rx,BRANCH_OVERLOAD,116,90,VIDA,,114,MARYSVILLE,,225.461621486899,176.592906,48.8687154868991,MVA
S4_2025_HIGH_NYC_LI_LOAD_PUBLIC,PERFORM_GSK__perform_rx,perform,perform_rx,BRANCH_OVERLOAD,190,128,WHITPAIN,,130,PEACH BOTTOM,,1040.01009554394,773.970762,266.03933354394,MVA
S4_2025_HIGH_NYC_LI_LOAD_PUBLIC,PERFORM_GSK__perform_rxb,perform,perform_rxb,BRANCH_OVERLOAD,80,66,WATERCURE,C,134,HOMER CITY,,949.819711055483,773.970762,175.848949055483,MVA
S4_2025_HIGH_NYC_LI_LOAD_PUBLIC,PERFORM_GSK__perform_rxb,perform,perform_rxb,BRANCH_OVERLOAD,116,90,VIDA,,114,MARYSVILLE,,225.503840474882,176.592906,48.9109344748819,MVA
S4_2025_HIGH_NYC_LI_LOAD_PUBLIC,PERFORM_GSK__perform_rxb,perform,perform_rxb,BRANCH_OVERLOAD,190,128,WHITPAIN,,130,PEACH BOTTOM,,1039.01669995606,773.970762,265.045937956061,MVA
S4_2025_HIGH_NYC_LI_LOAD_PUBLIC,PERFORM_CAP_GSK__current,perform_cap,current,BRANCH_OVERLOAD,80,66,WATERCURE,C,134,HOMER CITY,,983.934443472941,773.970762,209.963681472941,MVA
S4_2025_HIGH_NYC_LI_LOAD_PUBLIC,PERFORM_CAP_GSK__current,perform_cap,current,BRANCH_OVERLOAD,116,90,VIDA,,114,MARYSVILLE,,215.74076526869,176.592906,39.14785926869,MVA
S4_2025_HIGH_NYC_LI_LOAD_PUBLIC,PERFORM_CAP_GSK__current,perform_cap,current,BRANCH_OVERLOAD,190,128,WHITPAIN,,130,PEACH BOTTOM,,1056.68126472232,773.970762,282.710502722316,MVA
S4_2025_HIGH_NYC_LI_LOAD_PUBLIC,PERFORM_CAP_GSK__perform_rx,perform_cap,perform_rx,BRANCH_OVERLOAD,80,66,WATERCURE,C,134,HOMER CITY,,1026.80325981731,773.970762,252.83249781731,MVA
S4_2025_HIGH_NYC_LI_LOAD_PUBLIC,PERFORM_CAP_GSK__perform_rx,perform_cap,perform_rx,BRANCH_OVERLOAD,116,90,VIDA,,114,MARYSVILLE,,218.223073209243,176.592906,41.630167209243,MVA
S4_2025_HIGH_NYC_LI_LOAD_PUBLIC,PERFORM_CAP_GSK__perform_rx,perform_cap,perform_rx,BRANCH_OVERLOAD,190,128,WHITPAIN,,130,PEACH BOTTOM,,1020.39604421712,773.970762,246.42528221712,MVA
S4_2025_HIGH_NYC_LI_LOAD_PUBLIC,PERFORM_CAP_GSK__perform_rxb,perform_cap,perform_rxb,BRANCH_OVERLOAD,80,66,WATERCURE,C,134,HOMER CITY,,1027.77300922589,773.970762,253.802247225894,MVA
S4_2025_HIGH_NYC_LI_LOAD_PUBLIC,PERFORM_CAP_GSK__perform_rxb,perform_cap,perform_rxb,BRANCH_OVERLOAD,116,90,VIDA,,114,MARYSVILLE,,218.271310932777,176.592906,41.6784049327774,MVA
S4_2025_HIGH_NYC_LI_LOAD_PUBLIC,PERFORM_CAP_GSK__perform_rxb,perform_cap,perform_rxb,BRANCH_OVERLOAD,190,128,WHITPAIN,,130,PEACH BOTTOM,,1019.37380601445,773.970762,245.403044014452,MVA
S5_2025_HIGH_TOTAL_EAST_PUBLIC,S4_GSK__current,s4,current,BRANCH_OVERLOAD,80,66,WATERCURE,C,134,HOMER CITY,,1062.41186561302,773.970762,288.441103613015,MVA
S5_2025_HIGH_TOTAL_EAST_PUBLIC,S4_GSK__current,s4,current,BRANCH_OVERLOAD,116,90,VIDA,,114,MARYSVILLE,,229.82447866699,176.592906,53.2315726669904,MVA
S5_2025_HIGH_TOTAL_EAST_PUBLIC,S4_GSK__current,s4,current,BRANCH_OVERLOAD,190,128,WHITPAIN,,130,PEACH BOTTOM,,1209.1567388619,773.970762,435.185976861902,MVA
S5_2025_HIGH_TOTAL_EAST_PUBLIC,S4_GSK__perform_rx,s4,perform_rx,BRANCH_OVERLOAD,80,66,WATERCURE,C,134,HOMER CITY,,1095.95970172935,773.970762,321.988939729348,MVA
S5_2025_HIGH_TOTAL_EAST_PUBLIC,S4_GSK__perform_rx,s4,perform_rx,BRANCH_OVERLOAD,116,90,VIDA,,114,MARYSVILLE,,231.796349130797,176.592906,55.203443130797,MVA
S5_2025_HIGH_TOTAL_EAST_PUBLIC,S4_GSK__perform_rx,s4,perform_rx,BRANCH_OVERLOAD,190,128,WHITPAIN,,130,PEACH BOTTOM,,1183.4466433662,773.970762,409.475881366199,MVA
S5_2025_HIGH_TOTAL_EAST_PUBLIC,S4_GSK__perform_rxb,s4,perform_rxb,BRANCH_OVERLOAD,80,66,WATERCURE,C,134,HOMER CITY,,1096.73320839533,773.970762,322.76244639533,MVA
S5_2025_HIGH_TOTAL_EAST_PUBLIC,S4_GSK__perform_rxb,s4,perform_rxb,BRANCH_OVERLOAD,116,90,VIDA,,114,MARYSVILLE,,231.827632712625,176.592906,55.2347267126251,MVA
S5_2025_HIGH_TOTAL_EAST_PUBLIC,S4_GSK__perform_rxb,s4,perform_rxb,BRANCH_OVERLOAD,190,128,WHITPAIN,,130,PEACH BOTTOM,,1182.6084370249,773.970762,408.637675024899,MVA
S5_2025_HIGH_TOTAL_EAST_PUBLIC,PERFORM_GSK__current,perform,current,BRANCH_OVERLOAD,80,66,WATERCURE,C,134,HOMER CITY,,1040.65918832633,773.970762,266.688426326326,MVA
S5_2025_HIGH_TOTAL_EAST_PUBLIC,PERFORM_GSK__current,perform,current,BRANCH_OVERLOAD,116,90,VIDA,,114,MARYSVILLE,,229.580572120917,176.592906,52.9876661209169,MVA
S5_2025_HIGH_TOTAL_EAST_PUBLIC,PERFORM_GSK__current,perform,current,BRANCH_OVERLOAD,190,128,WHITPAIN,,130,PEACH BOTTOM,,1228.71502663966,773.970762,454.744264639656,MVA
S5_2025_HIGH_TOTAL_EAST_PUBLIC,PERFORM_GSK__perform_rx,perform,perform_rx,BRANCH_OVERLOAD,80,66,WATERCURE,C,134,HOMER CITY,,1077.53841292778,773.970762,303.567650927777,MVA
S5_2025_HIGH_TOTAL_EAST_PUBLIC,PERFORM_GSK__perform_rx,perform,perform_rx,BRANCH_OVERLOAD,116,90,VIDA,,114,MARYSVILLE,,231.742203632002,176.592906,55.1492976320018,MVA
S5_2025_HIGH_TOTAL_EAST_PUBLIC,PERFORM_GSK__perform_rx,perform,perform_rx,BRANCH_OVERLOAD,190,128,WHITPAIN,,130,PEACH BOTTOM,,1199.47939067224,773.970762,425.508628672243,MVA
S5_2025_HIGH_TOTAL_EAST_PUBLIC,PERFORM_GSK__perform_rxb,perform,perform_rxb,BRANCH_OVERLOAD,80,66,WATERCURE,C,134,HOMER CITY,,1078.36022597493,773.970762,304.389463974928,MVA
S5_2025_HIGH_TOTAL_EAST_PUBLIC,PERFORM_GSK__perform_rxb,perform,perform_rxb,BRANCH_OVERLOAD,116,90,VIDA,,114,MARYSVILLE,,231.774390441111,176.592906,55.1814844411111,MVA
S5_2025_HIGH_TOTAL_EAST_PUBLIC,PERFORM_GSK__perform_rxb,perform,perform_rxb,BRANCH_OVERLOAD,190,128,WHITPAIN,,130,PEACH BOTTOM,,1198.56821306005,773.970762,424.597451060046,MVA
S5_2025_HIGH_TOTAL_EAST_PUBLIC,PERFORM_CAP_GSK__current,perform_cap,current,BRANCH_OVERLOAD,80,66,WATERCURE,C,134,HOMER CITY,,1115.37303470599,773.970762,341.402272705985,MVA
S5_2025_HIGH_TOTAL_EAST_PUBLIC,PERFORM_CAP_GSK__current,perform_cap,current,BRANCH_OVERLOAD,116,90,VIDA,,114,MARYSVILLE,,222.055711062577,176.592906,45.4628050625771,MVA
S5_2025_HIGH_TOTAL_EAST_PUBLIC,PERFORM_CAP_GSK__current,perform_cap,current,BRANCH_OVERLOAD,190,128,WHITPAIN,,130,PEACH BOTTOM,,1207.71916975023,773.970762,433.748407750227,MVA
S5_2025_HIGH_TOTAL_EAST_PUBLIC,PERFORM_CAP_GSK__perform_rx,perform_cap,perform_rx,BRANCH_OVERLOAD,80,66,WATERCURE,C,134,HOMER CITY,,1153.64317861433,773.970762,379.672416614331,MVA
S5_2025_HIGH_TOTAL_EAST_PUBLIC,PERFORM_CAP_GSK__perform_rx,perform_cap,perform_rx,BRANCH_OVERLOAD,116,90,VIDA,,114,MARYSVILLE,,224.270801342384,176.592906,47.6778953423837,MVA
S5_2025_HIGH_TOTAL_EAST_PUBLIC,PERFORM_CAP_GSK__perform_rx,perform_cap,perform_rx,BRANCH_OVERLOAD,190,128,WHITPAIN,,130,PEACH BOTTOM,,1176.64545977081,773.970762,402.674697770813,MVA
S5_2025_HIGH_TOTAL_EAST_PUBLIC,PERFORM_CAP_GSK__perform_rxb,perform_cap,perform_rxb,BRANCH_OVERLOAD,80,66,WATERCURE,C,134,HOMER CITY,,1154.47418427704,773.970762,380.503422277039,MVA
S5_2025_HIGH_TOTAL_EAST_PUBLIC,PERFORM_CAP_GSK__perform_rxb,perform_cap,perform_rxb,BRANCH_OVERLOAD,116,90,VIDA,,114,MARYSVILLE,,224.309515606665,176.592906,47.7166096066647,MVA
S5_2025_HIGH_TOTAL_EAST_PUBLIC,PERFORM_CAP_GSK__perform_rxb,perform_cap,perform_rxb,BRANCH_OVERLOAD,190,128,WHITPAIN,,130,PEACH BOTTOM,,1175.71193767987,773.970762,401.741175679869,MVA
S6_2025_LOW_TOTAL_EAST_PUBLIC,S4_GSK__current,s4,current,BRANCH_OVERLOAD,80,66,WATERCURE,C,134,HOMER CITY,,965.346559273636,773.970762,191.375797273635,MVA
S6_2025_LOW_TOTAL_EAST_PUBLIC,S4_GSK__current,s4,current,BRANCH_OVERLOAD,116,90,VIDA,,114,MARYSVILLE,,231.325237464711,176.592906,54.7323314647108,MVA
S6_2025_LOW_TOTAL_EAST_PUBLIC,S4_GSK__current,s4,current,BRANCH_OVERLOAD,190,128,WHITPAIN,,130,PEACH BOTTOM,,1011.81254256417,773.970762,237.841780564171,MVA
S6_2025_LOW_TOTAL_EAST_PUBLIC,S4_GSK__perform_rx,s4,perform_rx,BRANCH_OVERLOAD,80,66,WATERCURE,C,134,HOMER CITY,,1002.1927797013,773.970762,228.222017701298,MVA
S6_2025_LOW_TOTAL_EAST_PUBLIC,S4_GSK__perform_rx,s4,perform_rx,BRANCH_OVERLOAD,116,90,VIDA,,114,MARYSVILLE,,233.475107734301,176.592906,56.882201734301,MVA
S6_2025_LOW_TOTAL_EAST_PUBLIC,S4_GSK__perform_rx,s4,perform_rx,BRANCH_OVERLOAD,190,128,WHITPAIN,,130,PEACH BOTTOM,,982.950309625224,773.970762,208.979547625224,MVA
S6_2025_LOW_TOTAL_EAST_PUBLIC,S4_GSK__perform_rxb,s4,perform_rxb,BRANCH_OVERLOAD,80,66,WATERCURE,C,134,HOMER CITY,,1003.08306157761,773.970762,229.112299577613,MVA
S6_2025_LOW_TOTAL_EAST_PUBLIC,S4_GSK__perform_rxb,s4,perform_rxb,BRANCH_OVERLOAD,116,90,VIDA,,114,MARYSVILLE,,233.514526522772,176.592906,56.9216205227723,MVA
S6_2025_LOW_TOTAL_EAST_PUBLIC,S4_GSK__perform_rxb,s4,perform_rxb,BRANCH_OVERLOAD,190,128,WHITPAIN,,130,PEACH BOTTOM,,982.121369399579,773.970762,208.150607399579,MVA
S6_2025_LOW_TOTAL_EAST_PUBLIC,PERFORM_GSK__current,perform,current,BRANCH_OVERLOAD,80,66,WATERCURE,C,134,HOMER CITY,,945.659433398531,773.970762,171.688671398531,MVA
S6_2025_LOW_TOTAL_EAST_PUBLIC,PERFORM_GSK__current,perform,current,BRANCH_OVERLOAD,116,90,VIDA,,114,MARYSVILLE,,231.085709350474,176.592906,54.4928033504741,MVA
S6_2025_LOW_TOTAL_EAST_PUBLIC,PERFORM_GSK__current,perform,current,BRANCH_OVERLOAD,190,128,WHITPAIN,,130,PEACH BOTTOM,,1028.78754433137,773.970762,254.816782331367,MVA
S6_2025_LOW_TOTAL_EAST_PUBLIC,PERFORM_GSK__perform_rx,perform,perform_rx,BRANCH_OVERLOAD,80,66,WATERCURE,C,134,HOMER CITY,,985.51934586526,773.970762,211.54858386526,MVA
S6_2025_LOW_TOTAL_EAST_PUBLIC,PERFORM_GSK__perform_rx,perform,perform_rx,BRANCH_OVERLOAD,116,90,VIDA,,114,MARYSVILLE,,233.407805774732,176.592906,56.8148997747318,MVA
S6_2025_LOW_TOTAL_EAST_PUBLIC,PERFORM_GSK__perform_rx,perform,perform_rx,BRANCH_OVERLOAD,190,128,WHITPAIN,,130,PEACH BOTTOM,,996.721699668598,773.970762,222.750937668598,MVA
S6_2025_LOW_TOTAL_EAST_PUBLIC,PERFORM_GSK__perform_rxb,perform,perform_rxb,BRANCH_OVERLOAD,80,66,WATERCURE,C,134,HOMER CITY,,986.45478055182,773.970762,212.48401855182,MVA
S6_2025_LOW_TOTAL_EAST_PUBLIC,PERFORM_GSK__perform_rxb,perform,perform_rxb,BRANCH_OVERLOAD,116,90,VIDA,,114,MARYSVILLE,,233.44817172115,176.592906,56.8552657211504,MVA
S6_2025_LOW_TOTAL_EAST_PUBLIC,PERFORM_GSK__perform_rxb,perform,perform_rxb,BRANCH_OVERLOAD,190,128,WHITPAIN,,130,PEACH BOTTOM,,995.833286671203,773.970762,221.862524671203,MVA
S6_2025_LOW_TOTAL_EAST_PUBLIC,PERFORM_CAP_GSK__current,perform_cap,current,BRANCH_OVERLOAD,80,66,WATERCURE,C,134,HOMER CITY,,1021.20978402883,773.970762,247.239022028828,MVA
S6_2025_LOW_TOTAL_EAST_PUBLIC,PERFORM_CAP_GSK__current,perform_cap,current,BRANCH_OVERLOAD,116,90,VIDA,,114,MARYSVILLE,,223.83909507127,176.592906,47.2461890712705,MVA
S6_2025_LOW_TOTAL_EAST_PUBLIC,PERFORM_CAP_GSK__current,perform_cap,current,BRANCH_OVERLOAD,190,128,WHITPAIN,,130,PEACH BOTTOM,,1007.58801508774,773.970762,233.617253087736,MVA
S6_2025_LOW_TOTAL_EAST_PUBLIC,PERFORM_CAP_GSK__perform_rx,perform_cap,perform_rx,BRANCH_OVERLOAD,80,66,WATERCURE,C,134,HOMER CITY,,1062.43528521053,773.970762,288.464523210532,MVA
S6_2025_LOW_TOTAL_EAST_PUBLIC,PERFORM_CAP_GSK__perform_rx,perform_cap,perform_rx,BRANCH_OVERLOAD,116,90,VIDA,,114,MARYSVILLE,,226.211664471861,176.592906,49.6187584718607,MVA
S6_2025_LOW_TOTAL_EAST_PUBLIC,PERFORM_CAP_GSK__perform_rx,perform_cap,perform_rx,BRANCH_OVERLOAD,190,128,WHITPAIN,,130,PEACH BOTTOM,,973.595186789625,773.970762,199.624424789625,MVA
S6_2025_LOW_TOTAL_EAST_PUBLIC,PERFORM_CAP_GSK__perform_rxb,perform_cap,perform_rxb,BRANCH_OVERLOAD,80,66,WATERCURE,C,134,HOMER CITY,,1063.37031581244,773.970762,289.399553812439,MVA
S6_2025_LOW_TOTAL_EAST_PUBLIC,PERFORM_CAP_GSK__perform_rxb,perform_cap,perform_rxb,BRANCH_OVERLOAD,116,90,VIDA,,114,MARYSVILLE,,226.257966423244,176.592906,49.6650604232436,MVA
S6_2025_LOW_TOTAL_EAST_PUBLIC,PERFORM_CAP_GSK__perform_rxb,perform_cap,perform_rxb,BRANCH_OVERLOAD,190,128,WHITPAIN,,130,PEACH BOTTOM,,972.67989935934,773.970762,198.70913735934,MVA
